Player,Team,URL
Terrance Arceneaux,Houston,https://a.espncdn.com/combiner/i?img=/i/headshots/mens-college-basketball/players/full/5106059.png
Darius Bowser,Houston,https://a.espncdn.com/combiner/i?img=/i/headshots/mens-college-basketball/players/full/4397413.png
Reggie Chaney,Houston,https://a.espncdn.com/combiner/i?img=/i/headshots/mens-college-basketball/players/full/4395708.png
Ryan Elvin,Houston,https://a.espncdn.com/combiner/i?img=/i/headshots/mens-college-basketball/players/full/4701204.png
Ja'Vier Francis,Houston,https://a.espncdn.com/combiner/i?img=/i/headshots/mens-college-basketball/players/full/4684301.png
Tramon Mark,Houston,https://a.espncdn.com/combiner/i?img=/i/headshots/mens-college-basketball/players/full/4432243.png
J'Wan Roberts,Houston,https://a.espncdn.com/combiner/i?img=/i/headshots/mens-college-basketball/players/full/4433068.png
Marcus Sasser,Houston,https://a.espncdn.com/combiner/i?img=/i/headshots/mens-college-basketball/players/full/4432107.png
Emanuel Sharp,Houston,https://a.espncdn.com/combiner/i?img=/i/headshots/mens-college-basketball/players/full/5106058.png
Jamal Shead,Houston,https://a.espncdn.com/combiner/i?img=/i/headshots/mens-college-basketball/players/full/4432241.png
Jarace Walker,Houston,https://a.espncdn.com/combiner/i?img=/i/headshots/mens-college-basketball/players/full/5106060.png
Ramon Walker Jr.,Houston,https://a.espncdn.com/combiner/i?img=/i/headshots/mens-college-basketball/players/full/4708176.png
Mylik Wilson,Houston,https://a.espncdn.com/combiner/i?img=/i/headshots/mens-college-basketball/players/full/4432902.png
Nahiem Alleyne,UCONN,https://a.espncdn.com/combiner/i?img=/i/headshots/mens-college-basketball/players/full/4432934.png
Joey Calcaterra,UCONN,https://a.espncdn.com/combiner/i?img=/i/headshots/mens-college-basketball/players/full/4280214.png
Donovan Clingan,UCONN,
Hassan Diarra,UCONN,https://a.espncdn.com/combiner/i?img=/i/headshots/mens-college-basketball/players/full/4433160.png
Yarin Hasson,UCONN,
Jordan Hawkins,UCONN,https://a.espncdn.com/combiner/i?img=/i/headshots/mens-college-basketball/players/full/4683750.png
Emmett Hendry,UCONN,https://a.espncdn.com/combiner/i?img=/i/headshots/mens-college-basketball/players/full/5105568.png
Andrew Hurley,UCONN,https://a.espncdn.com/combiner/i?img=/i/headshots/mens-college-basketball/players/full/4702022.png
Andre Jackson Jr.,UCONN,https://a.espncdn.com/combiner/i?img=/i/headshots/mens-college-basketball/players/full/4432190.png
Samson Johnson,UCONN,https://a.espncdn.com/combiner/i?img=/i/headshots/mens-college-basketball/players/full/4683752.png
Andre Johnson Jr.,UCONN,https://a.espncdn.com/combiner/i?img=/i/headshots/mens-college-basketball/players/full/5105567.png
Alex Karaban,UCONN,
Tristen Newton,UCONN,https://a.espncdn.com/combiner/i?img=/i/headshots/mens-college-basketball/players/full/4592965.png
Apostolos Roumoglou,UCONN,https://a.espncdn.com/combiner/i?img=/i/headshots/mens-college-basketball/players/full/5105566.png
Adama Sanogo,UCONN,https://a.espncdn.com/combiner/i?img=/i/headshots/mens-college-basketball/players/full/4702023.png
Richie Springs,UCONN,https://a.espncdn.com/combiner/i?img=/i/headshots/mens-college-basketball/players/full/4592905.png
Charles Bediako,Alabama,https://a.espncdn.com/combiner/i?img=/i/headshots/mens-college-basketball/players/full/4565203.png
Jaden Bradley,Alabama,https://a.espncdn.com/combiner/i?img=/i/headshots/mens-college-basketball/players/full/4432737.png
Nimari Burnett,Alabama,https://a.espncdn.com/combiner/i?img=/i/headshots/mens-college-basketball/players/full/4708027.png
Noah Clowney,Alabama,https://a.espncdn.com/combiner/i?img=/i/headshots/mens-college-basketball/players/full/4712896.png
Adam Cottrell,Alabama,https://a.espncdn.com/combiner/i?img=/i/headshots/mens-college-basketball/players/full/4598102.png
Rylan Griffen,Alabama,https://a.espncdn.com/combiner/i?img=/i/headshots/mens-college-basketball/players/full/4683682.png
Noah Gurley,Alabama,https://a.espncdn.com/combiner/i?img=/i/headshots/mens-college-basketball/players/full/4280015.png
Delaney Heard,Alabama,https://a.espncdn.com/combiner/i?img=/i/headshots/mens-college-basketball/players/full/4702175.png
Darius Miles,Alabama,https://a.espncdn.com/combiner/i?img=/i/headshots/mens-college-basketball/players/full/4433561.png
Brandon Miller,Alabama,https://a.espncdn.com/combiner/i?img=/i/headshots/mens-college-basketball/players/full/4433287.png
Nick Pringle,Alabama,https://a.espncdn.com/combiner/i?img=/i/headshots/mens-college-basketball/players/full/4703887.png
Jaden Quinerly,Alabama,https://a.espncdn.com/combiner/i?img=/i/headshots/mens-college-basketball/players/full/4702179.png
Jahvon Quinerly,Alabama,https://a.espncdn.com/combiner/i?img=/i/headshots/mens-college-basketball/players/full/4397132.png
Max Scharnowski,Alabama,https://a.espncdn.com/combiner/i?img=/i/headshots/mens-college-basketball/players/full/5105513.png
Mark Sears,Alabama,https://a.espncdn.com/combiner/i?img=/i/headshots/mens-college-basketball/players/full/4703530.png
Kai Spears,Alabama,https://a.espncdn.com/combiner/i?img=/i/headshots/mens-college-basketball/players/full/5105514.png
Dominick Welch,Alabama,https://a.espncdn.com/combiner/i?img=/i/headshots/mens-college-basketball/players/full/4397221.png
Jaden Akins,Michigan State,https://a.espncdn.com/combiner/i?img=/i/headshots/mens-college-basketball/players/full/4683730.png
Pierre Brooks,Michigan State,https://a.espncdn.com/combiner/i?img=/i/headshots/mens-college-basketball/players/full/4683731.png
Carson Cooper,Michigan State,https://a.espncdn.com/combiner/i?img=/i/headshots/mens-college-basketball/players/full/5105817.png
Malik Hall,Michigan State,https://a.espncdn.com/combiner/i?img=/i/headshots/mens-college-basketball/players/full/4592693.png
Joey Hauser,Michigan State,https://a.espncdn.com/combiner/i?img=/i/headshots/mens-college-basketball/players/full/4295180.png
AJ Hoggard,Michigan State,https://a.espncdn.com/combiner/i?img=/i/headshots/mens-college-basketball/players/full/4432206.png
Tre Holloman,Michigan State,https://a.espncdn.com/combiner/i?img=/i/headshots/mens-college-basketball/players/full/5105816.png
Steven Izzo,Michigan State,https://a.espncdn.com/combiner/i?img=/i/headshots/mens-college-basketball/players/full/4592692.png
Jaxon Kohler,Michigan State,https://a.espncdn.com/combiner/i?img=/i/headshots/mens-college-basketball/players/full/5105815.png
Nick Sanders,Michigan State,https://a.espncdn.com/combiner/i?img=/i/headshots/mens-college-basketball/players/full/5105818.png
Mady Sissoko,Michigan State,https://a.espncdn.com/combiner/i?img=/i/headshots/mens-college-basketball/players/full/4433154.png
Davis Smith,Michigan State,https://a.espncdn.com/combiner/i?img=/i/headshots/mens-college-basketball/players/full/4702244.png
Tyson Walker,Michigan State,https://a.espncdn.com/combiner/i?img=/i/headshots/mens-college-basketball/players/full/4432129.png
Jason Whitens,Michigan State,https://a.espncdn.com/combiner/i?img=/i/headshots/mens-college-basketball/players/full/4279457.png
TJ Bamba,Washington State,https://a.espncdn.com/combiner/i?img=/i/headshots/mens-college-basketball/players/full/4596365.png
Dylan Darling,Washington State,
Adrame Diongue,Washington State,https://a.espncdn.com/combiner/i?img=/i/headshots/mens-college-basketball/players/full/5105656.png
Mouhamed Gueye,Washington State,https://a.espncdn.com/combiner/i?img=/i/headshots/mens-college-basketball/players/full/4712863.png
Mael Hamon-Crespin,Washington State,https://a.espncdn.com/combiner/i?img=/i/headshots/mens-college-basketball/players/full/5105654.png
Kymany Houinsou,Washington State,https://a.espncdn.com/combiner/i?img=/i/headshots/mens-college-basketball/players/full/5105659.png
Dishon Jackson,Washington State,https://a.espncdn.com/combiner/i?img=/i/headshots/mens-college-basketball/players/full/4432926.png
Andrej Jakimovski,Washington State,https://a.espncdn.com/combiner/i?img=/i/headshots/mens-college-basketball/players/full/4702466.png
Braden Korpela,Washington State,https://a.espncdn.com/combiner/i?img=/i/headshots/mens-college-basketball/players/full/5105655.png
Shae Korpela,Washington State,https://a.espncdn.com/combiner/i?img=/i/headshots/mens-college-basketball/players/full/5105653.png
Jabe Mullins,Washington State,https://a.espncdn.com/combiner/i?img=/i/headshots/mens-college-basketball/players/full/4701181.png
Ben Olesen,Washington State,https://a.espncdn.com/combiner/i?img=/i/headshots/mens-college-basketball/players/full/4592673.png
Justin Powell,Washington State,https://a.espncdn.com/combiner/i?img=/i/headshots/mens-college-basketball/players/full/4432250.png
Myles Rice,Washington State,https://a.espncdn.com/combiner/i?img=/i/headshots/mens-college-basketball/players/full/4709133.png
DJ Rodman,Washington State,https://a.espncdn.com/combiner/i?img=/i/headshots/mens-college-basketball/players/full/4432103.png
AJ Rohosy,Washington State,https://a.espncdn.com/combiner/i?img=/i/headshots/mens-college-basketball/players/full/5105657.png
Carlos Rosario,Washington State,https://a.espncdn.com/combiner/i?img=/i/headshots/mens-college-basketball/players/full/4702465.png
Dylan Andrews,UCLA,https://a.espncdn.com/combiner/i?img=/i/headshots/mens-college-basketball/players/full/5105636.png
Amari Bailey,UCLA,https://a.espncdn.com/combiner/i?img=/i/headshots/mens-college-basketball/players/full/5105638.png
Adem Bona,UCLA,https://a.espncdn.com/combiner/i?img=/i/headshots/mens-college-basketball/players/full/5105637.png
Tyger Campbell,UCLA,https://a.espncdn.com/combiner/i?img=/i/headshots/mens-college-basketball/players/full/4397128.png
Abramo Canka,UCLA,https://a.espncdn.com/combiner/i?img=/i/headshots/mens-college-basketball/players/full/5105635.png
Jaylen Clark,UCLA,https://a.espncdn.com/combiner/i?img=/i/headshots/mens-college-basketball/players/full/4432247.png
Logan Cremonesi,UCLA,https://a.espncdn.com/combiner/i?img=/i/headshots/mens-college-basketball/players/full/4702456.png
Mac Etienne,UCLA,https://a.espncdn.com/combiner/i?img=/i/headshots/mens-college-basketball/players/full/4711692.png
Jaime Jaquez,UCLA,https://a.espncdn.com/combiner/i?img=/i/headshots/mens-college-basketball/players/full/4432848.png
Evan Manjikian,UCLA,https://a.espncdn.com/combiner/i?img=/i/headshots/mens-college-basketball/players/full/5105639.png
Will McClendon,UCLA,https://a.espncdn.com/combiner/i?img=/i/headshots/mens-college-basketball/players/full/4433275.png
Kenneth Nwuba,UCLA,https://a.espncdn.com/combiner/i?img=/i/headshots/mens-college-basketball/players/full/4397129.png
Jack Seidler,UCLA,https://a.espncdn.com/combiner/i?img=/i/headshots/mens-college-basketball/players/full/5105640.png
David Singleton,UCLA,https://a.espncdn.com/combiner/i?img=/i/headshots/mens-college-basketball/players/full/4397131.png
Russell Stong,UCLA,https://a.espncdn.com/combiner/i?img=/i/headshots/mens-college-basketball/players/full/4405598.png
